text,label
"Hi team, attaching the minutes from Tuesday's sprint review. Please add comments before Friday.",legitimate
"Your order #48213 has shipped and should arrive on Thursday. You can track it from your account page.",legitimate
"Reminder: the library will be closed on Monday for the public holiday. Regular hours resume Tuesday.",legitimate
"Thanks for registering for the workshop on cloud security. The venue and agenda are attached.",legitimate
"Hello, your monthly statement for September is now available. No action is required.",legitimate
"Can we move our 1:1 to 3pm tomorrow? I have a clash with the design review.",legitimate
"The quarterly newsletter is here: campus updates, new courses, and alumni stories.",legitimate
"Your subscription renewal was successful. The receipt is attached for your records.",legitimate
"Please find the updated project report draft. I have incorporated the feedback from the mentor.",legitimate
"Lunch is on us this Friday to celebrate the product launch. Let us know about dietary needs.",legitimate
"The hackathon results will be announced at the closing ceremony at 5 pm in the main auditorium.",legitimate
"Welcome to the course! Lecture slides and the reading list are available on the learning portal.",legitimate
"Your appointment with Dr. Rao is confirmed for 12 October at 10:30. Reply to reschedule.",legitimate
"Great meeting you at the conference. Sharing the paper we discussed about graph databases.",legitimate
"The server maintenance window is Saturday 02:00 to 04:00 IST. Services may be briefly unavailable.",legitimate
"Happy birthday! Wishing you a wonderful year ahead from everyone in the department.",legitimate
"Your leave request for 3 days has been approved by your manager.",legitimate
"Here is the recording of today's webinar along with the Q&A summary.",legitimate
"The electricity bill for this month is 1,240 rupees and will be auto-debited on the due date.",legitimate
"Please review the pull request when you get a chance, it fixes the login page layout.",legitimate
"Your credit card e-statement for August is available in the mobile app. We will never ask for your PIN or OTP over email.",legitimate
"Your fixed deposit has matured and the amount has been credited to your savings account as per your standing instruction.",legitimate
"Thank you for updating your mobile number at the branch. If you did not request this, please visit your nearest branch.",legitimate
"Scheduled maintenance: NetBanking will be unavailable on Sunday between 1 am and 3 am. Branch services are unaffected.",legitimate
"Your insurance policy renewal notice is attached. The premium will be debited on the due date shown in the notice.",legitimate
"URGENT: Your account has been suspended due to unusual activity. Verify your identity immediately by clicking the link below.",phishing
"We detected a sign-in attempt from a new device. If this was not you, confirm your password here within 24 hours.",phishing
"Your mailbox storage is full. Click here to verify your account and avoid losing incoming messages.",phishing
"Dear customer, your KYC is pending. Update your KYC details now or your bank account will be blocked today.",phishing
"Your password expires today. Log in through the secure portal below to keep your current password.",phishing
"Security alert: we have locked your account. Restore access by entering your login credentials on our verification page.",phishing
"Your parcel could not be delivered. Pay the small redelivery fee using the link to reschedule.",phishing
"You have received a secure document. Sign in with your email password to view the shared file.",phishing
"Final notice: your Netbanking access will be deactivated. Re-validate your card and OTP to continue.",phishing
"Unusual login detected on your account. Click the button to secure your account and reset your password.",phishing
"Your tax refund of 15,400 rupees is approved. Submit your bank details on the refund portal to receive it.",phishing
"Action required: confirm your email ownership within 48 hours or your account will be permanently deleted.",phishing
"Your payment method was declined. Update your billing information immediately to avoid service interruption.",phishing
"Congratulations! You have won a gift voucher. Claim it now by logging in with your account details.",phishing
"IT Helpdesk: we are upgrading mail servers. Validate your credentials at the link or lose mailbox access.",phishing
"Your Apple ID was used to sign in on a new device. Verify now to avoid suspension of your account.",phishing
"Invoice overdue. Download the attached invoice and log in to the payment portal to settle the balance.",phishing
"We noticed suspicious transactions on your card. Confirm your card number and CVV to block them.",phishing
"Your document has been shared via secure drive. Enter your password to open the protected PDF.",phishing
"Your account will be closed. Click here and verify your personal information to keep it active.",phishing
"Hi, I need you to process an urgent wire transfer to a new vendor today. Keep this confidential until the deal closes.",bec
"Are you at your desk? I need a quick favour, please buy six gift cards for a client and send me the codes.",bec
"This is the CEO. We are closing an acquisition and I need you to transfer funds discreetly. Do not discuss with anyone.",bec
"Please update the bank account for our supplier payments. The new account number and IFSC are below. Effective immediately.",bec
"I am in a board meeting and cannot call. Process the attached payment request before end of day.",bec
"Kindly change my salary account to the new bank details below before this month's payroll run.",bec
"Our banking details have changed due to an audit. Please remit the outstanding invoice amount to the new account.",bec
"Can you handle a confidential payment for me? I will explain later, just confirm when the transfer is done.",bec
"Urgent request from the director: pay the vendor advance of 4,80,000 rupees today and send me the reference number.",bec
"I need the list of employee W-2 and PAN details for an urgent compliance filing, send it to me directly.",bec
"Our lawyer will contact you about a sensitive transaction. Please wire the deposit and keep it between us.",bec
"Hi, are you available? I have a task for you that needs to be done quickly and quietly.",bec
"Please process this invoice immediately, the vendor is threatening to stop services. Use the updated bank account.",bec
"As discussed, release the payment to the new beneficiary account. Do not call, I am travelling.",bec
"Finance team: an urgent RTGS transfer is required for the overseas contract. Approval is attached.",bec
"I am changing my direct deposit. Update my bank account to the one below before Friday.",bec
"Treat this as top priority and strictly confidential: arrange the funds transfer before the market closes.",bec
"Please purchase Google Play cards worth 10,000 rupees for a staff reward. Scratch and email me the codes.",bec
"The supplier has a new remittance account. Pay all pending invoices there starting today.",bec
"Need your help with a confidential payment for a new client, reply with your mobile number.",bec
"This message is from your IT administrator. We are the official support team of your email provider.",spoofing
"From the office of the Principal: this notice is issued on behalf of the university administration.",spoofing
"Message from HR Department: your employee record needs review as per the new company policy.",spoofing
"Notice from the Income Tax Department regarding your filing. This is an official government communication.",spoofing
"Customer Care Team of your bank: we are writing on behalf of the security division.",spoofing
"This is an automated message from the Microsoft 365 administrator on behalf of your organisation.",spoofing
"Official communication from the police cyber cell regarding a complaint registered against you.",spoofing
"Dear employee, this email is sent by the payroll office of the head office on behalf of management.",spoofing
"We represent the courier company. This notice is issued by the official delivery department.",spoofing
"Message from the Registrar's office: official examination notice for all students.",spoofing
"On behalf of the Managing Director, please note the following official instructions from the head office.",spoofing
"This email is from the security operations team of your organisation. Official advisory follows.",spoofing
"Your internet service provider's official billing department is contacting you about your plan.",spoofing
"Notification from the electricity board: this is an official disconnection notice for your connection.",spoofing
"Mail from the domain administrator: official notice for all mailbox users of this domain.",spoofing
"Greetings from the official support desk of your cloud storage provider on behalf of the admin.",spoofing
"We are the compliance department of your bank writing on behalf of the regulator.",spoofing
"This communication is from the office of the Vice Chancellor and is official and binding.",spoofing
"Official message from the telecom regulator regarding your mobile number verification.",spoofing
"Your company's IT security team is writing on behalf of the CIO with an official mandate.",spoofing
"Hello, I found your profile online and have a business proposal that could interest you. Reply for details.",suspicious
"Earn money from home with minimal effort. Limited slots available, reply to know more.",suspicious
"Hi dear, I am a lonely widow with a large inheritance and I need a trusted person to help me.",suspicious
"Get cheap medicines without prescription, fast delivery, discreet packaging.",suspicious
"You were selected for a special investment opportunity with guaranteed high returns.",suspicious
"Hello friend, please see the file I sent you and tell me what you think.",suspicious
"Crypto trading bot doubles your investment in a week. Join our private group today.",suspicious
"Dear sir, I am a foreign diplomat and need your assistance to move funds out of the country.",suspicious
"Hot singles in your area want to meet you, click to see photos.",suspicious
"Buy followers and likes for your social media page at the lowest price guaranteed.",suspicious
"This is not spam. You have been chosen for a free trial of our miracle weight loss product.",suspicious
"Hi, long time no see! Check out this link I found, you will love it.",suspicious
"Work from home job offer: part time, daily payment, no experience needed, contact us on WhatsApp.",suspicious
"Your computer may be infected. Download our free scanner tool to clean it now.",suspicious
"Exclusive offer only for you, reply YES to get the details of this secret deal.",suspicious
"I have compromising information about you. Contact me to discuss before it is shared.",suspicious
"Be your own boss with this amazing network marketing plan, join the webinar tonight.",suspicious
"Loan approved without documents at very low interest, just pay the processing fee.",suspicious
"Hey, is this your photo? Look at this link, everyone is talking about it.",suspicious
"Get a university degree without exams, fully verifiable, fast delivery worldwide.",suspicious
